"sound.files","selec","channel","start","end","bottom.freq","top.freq","song","sel.comment","ffreq.1","ffreq.2","ffreq.3","ffreq.4","ffreq.5","ffreq.6","ffreq.7","ffreq.8","ffreq.9","ffreq.10","ffreq.11","ffreq.12","ffreq.13","ffreq.14","ffreq.15","ffreq.16","ffreq.17","ffreq.18","ffreq.19","ffreq.20","tailored"
"Phae.long1.wav",1,1,1.16935492686256,1.34238837651785,2.22010539116336,8.60437778678557,1,"a",4.77283642109562,4.93096032809878,4.97839750019974,7.47675523084981,7.60325435645234,7.63487913785298,5.8807,6.6989,6.4943,6.2467,5.4447,4.5996,7.108,6.8011,7.0057,7.2102,7.0111,7.2102,7.0326,3.8352,""
"Phae.long1.wav",2,1,2.15840849019842,2.32145650374094,2.16943656262667,8.80705310093231,1,"b",6.9034,7.2102,7.4148,7.5816,5.2509,5.5739,8.3352,5.9776,6.6989,6.4943,6.0852,5.3693,4.7557,7.3394,6.9034,7.0057,7.3125,7.3125,7.0487,7.2102,""
"Phae.long1.wav",3,1,0.343336570405113,0.518255314152904,2.21829412537784,8.75660402155342,1,"c",2.4034,7.2102,5.6708,7.6193,7.9638,5.4716,8.642,6.5966,6.5212,6.4943,5.7838,5.1648,3.9267,6.8011,6.9842,7.108,7.3125,7.2102,3.6307,7.2102,""
"Phae.long2.wav",1,1,0.159598267651446,0.292169175936409,2.31686161124984,8.82231567880142,2,"d",7.108,5.1648,5.5739,6.5589,5.8376,6.392,6.5966,5.6761,7.4148,6.785,7.3609,7.4686,7.4148,6.1983,6.349,7.3125,7.3771,7.8615,5.983,6.1875,""
"Phae.long2.wav",2,1,1.45705847978551,1.58320867656162,2.28400578262584,8.88802733604942,2,"e",5.6761,4.9602,5.1648,5.2294,5.7946,5.8269,6.0852,4.9118,6.2467,6.8011,7.7216,7.3502,6.5966,6.8227,7.0057,7.0057,6.5966,7.474,6.5966,6.5966,""
